frame	predictor	predictor_label	n	n_cases	OR_base	OR_base_lo	OR_base_hi	p_base	OR_adj	OR_adj_lo	OR_adj_hi	p_adj
Depression	typical_day_mesor	Mesor	2859	322	1.1990027369533303	1.0601822263626857	1.3560004379188442	0.0038423174850782137	1.183733662253787	1.042677747301618	1.3438719554330594	0.009173053211864875
Depression	typical_day_amplitude	Amplitude	2859	322	0.9852938605580784	0.8774475184800345	1.1063955065200082	0.8022081227497585	1.0768058849686304	0.9385139504427809	1.2354754165945323	0.291362653876968
Depression	typical_day_acrophase	Acrophase	2859	322	0.9890536101249435	0.8824822793149347	1.1084948294492385	0.8499212242061236	0.9532771326387923	0.8524258914384354	1.066060171023875	0.40163463285336887
Obesity	typical_day_mesor	Mesor	2720	315	1.2284810936789705	1.0931605420580743	1.380552754571071	0.0005485257974403311	1.1815973465007177	1.0497736933538961	1.3299745441295454	0.005696014674135119
Obesity	typical_day_amplitude	Amplitude	2720	315	0.8569842112491166	0.7588528701256294	0.9678054432457844	0.012869274721093862	0.7473370735418123	0.6445157229286642	0.8665617945706144	0.00011505414104058756
Obesity	typical_day_acrophase	Acrophase	2720	315	1.2007323842750948	1.067313826295806	1.3508288032308977	0.002334749794332945	1.1695956216172672	1.0443974719976294	1.3098020196178595	0.00668836820835876
Hypertension	typical_day_mesor	Mesor	1558	160	1.2698069184136318	1.0588050835471345	1.5228578282315588	0.009987774813494336	1.1468507641519792	0.953579389560009	1.3792943614719437	0.14562412002670963
Hypertension	typical_day_amplitude	Amplitude	1558	160	0.866055519466985	0.7257685135104558	1.0334592212761013	0.11072484393085923	0.8712329447499808	0.7121191682226581	1.0658986274898195	0.18033714555252578
Hypertension	typical_day_acrophase	Acrophase	1558	160	1.1892518183653678	1.0114136652625811	1.3983594804586224	0.035967780125102954	1.123979078731243	0.960114924788503	1.3158101564808227	0.14602816661528809
