outcome,predictor,predictor_label,or_per_sd_base,ci_lo_base,ci_hi_base,p_raw_base,p_fdr_base,or_per_sd_adj,ci_lo_adj,ci_hi_adj,p_raw_adj,p_fdr_adj,n,n_events
Depression,SD_daily_mesor,SD daily mesor,1.174159570595688,1.0440427408257267,1.320492584557491,0.007379936723722209,0.007379936723722209,1.0981035993748967,0.9697779898218762,1.243409860417212,0.13995259893178766,0.13995259893178766,1655,299
Depression,SD_daily_amplitude,SD daily amplitude,1.0001424377800396,0.8851393165367024,1.1300875208689518,0.9981766118217255,0.9981766118217255,0.8654919129770092,0.7474594305583933,1.0021630884622084,0.05347323136883975,0.05347323136883975,1655,299
Depression,SD_daily_acrophase,SD daily acrophase,1.209376647097595,1.0658509857623795,1.372229227239361,0.0031841728086838992,0.0031841728086838992,1.1872777793751734,1.0464630859681423,1.3470408505560576,0.007697937080205435,0.007697937080205435,1655,299
Obesity,SD_daily_mesor,SD daily mesor,1.214423527608231,1.0877317074609183,1.35587157595239,0.0005483197576392739,0.0005483197576392739,1.1808846714406325,1.049332925321249,1.3289286684838688,0.005796672871257878,0.005796672871257878,2135,292
Obesity,SD_daily_amplitude,SD daily amplitude,1.1353912223034783,1.0069488247779366,1.2802172225267516,0.03817065947387467,0.03817065947387467,1.1070376667970943,0.9609784607376951,1.275296425235977,0.1589534399402236,0.1589534399402236,2135,292
Obesity,SD_daily_acrophase,SD daily acrophase,1.193791582473513,1.0640025486240547,1.339412526997772,0.0025579872447628322,0.0025579872447628322,1.1714229533388243,1.0401843919894849,1.3192196942933223,0.009058547002359285,0.009058547002359285,2135,292
Hypertension,SD_daily_mesor,SD daily mesor,1.19856098251656,1.0112807123789984,1.4205239071865987,0.036674746823299326,0.036674746823299326,1.148696809268576,0.9529838214510798,1.384603106498322,0.14576822652446386,0.14576822652446386,950,154
Hypertension,SD_daily_amplitude,SD daily amplitude,0.9974751601641997,0.8305996548584529,1.1978775687237095,0.9784087147391956,0.9784087147391956,0.8897354062044419,0.7124612989664297,1.1111187291186237,0.30275576606711263,0.30275576606711263,950,154
Hypertension,SD_daily_acrophase,SD daily acrophase,1.3030092835393867,1.1118337606742288,1.5270566995197559,0.0010774100383678254,0.0010774100383678254,1.2824750596394672,1.088760346594652,1.5106559342848627,0.002903134026128899,0.002903134026128899,950,154
